Product,Age,Education,Usage,Fitness,Miles,Income
TM195,28.55,15.0375,3.0875,2.9625,82.7875,46418.03
TM498,28.9,15.11667,3.066667,2.9,87.93333,48973.65
TM798,29.1,17.325,4.775,4.625,166.9,75441.57
