size,spider
0.459423817,0
0.373452289,0
0.405621434,0
0.467355583,0
0.517151501,0
0.56318506,0
0.586652863,0
0.349553193,1
0.486240262,1
0.515229224,1
0.480337346,1
0.541213886,1
0.562176232,1
0.691106274,1
